R_version	name	version	date_time	hash	binary_location	status
4.2.2	abind	1.4.5	2023-04-17T16:09:01Z	03effa1c6746e91547e1cab8e8a8be90	D:/My OSU Academics/Summer2023/DataScience/Week1/Cache/r_4_2_cache/library/abind/1.4-5/03effa1c6746e91547e1cab8e8a8be90/abind	available
4.2.2	askpass	1.1	2023-04-17T16:09:02Z	674bbeea4de0a1a26dc09c9d9b1f05c2	D:/My OSU Academics/Summer2023/DataScience/Week1/Cache/r_4_2_cache/library/askpass/1.1/674bbeea4de0a1a26dc09c9d9b1f05c2/askpass	available
4.2.2	assertthat	0.2.1	2023-04-17T16:09:02Z	d27c5d7426a7ff0edce147657af2e8ce	D:/My OSU Academics/Summer2023/DataScience/Week1/Cache/r_4_2_cache/library/assertthat/0.2.1/d27c5d7426a7ff0edce147657af2e8ce/assertthat	available
4.2.2	backports	1.4.1	2023-04-17T16:09:02Z	e06c76792dd23292735020a1e01eee10	D:/My OSU Academics/Summer2023/DataScience/Week1/Cache/r_4_2_cache/library/backports/1.4.1/e06c76792dd23292735020a1e01eee10/backports	available
4.2.2	base	4.2.2	2023-04-17T16:09:03Z	51e3f2ab3a6bf7938e7854ca363c0c73	D:/My OSU Academics/Summer2023/DataScience/Week1/Cache/r_4_2_cache/library/base/4.2.2/51e3f2ab3a6bf7938e7854ca363c0c73/base	base
4.2.2	base64enc	0.1.3	2023-04-17T16:09:03Z	609b334902243e8df6fd0de6e7bc77d4	D:/My OSU Academics/Summer2023/DataScience/Week1/Cache/r_4_2_cache/library/base64enc/0.1-3/609b334902243e8df6fd0de6e7bc77d4/base64enc	available
4.2.2	BH	1.81.0.1	2023-04-17T16:10:57Z	037deb7d486f9f6e5bf8acaade08b999	D:/My OSU Academics/Summer2023/DataScience/Week1/Cache/r_4_2_cache/library/BH/1.81.0-1/037deb7d486f9f6e5bf8acaade08b999/BH	available
4.2.2	bit	4.0.5	2023-04-17T16:11:58Z	1c7c59fa3c028d100a58f8c712d0f838	D:/My OSU Academics/Summer2023/DataScience/Week1/Cache/r_4_2_cache/library/bit/4.0.5/1c7c59fa3c028d100a58f8c712d0f838/bit	available
4.2.2	bit64	4.0.5	2023-04-17T16:11:58Z	909ff036ef6b0bf42deff9ead2e7b12f	D:/My OSU Academics/Summer2023/DataScience/Week1/Cache/r_4_2_cache/library/bit64/4.0.5/909ff036ef6b0bf42deff9ead2e7b12f/bit64	available
4.2.2	blaseRtemplates	0.0.0.9193	2023-04-17T16:11:59Z	61a8d8267c519663b36db5b6357b07aa	D:/My OSU Academics/Summer2023/DataScience/Week1/Cache/r_4_2_cache/library/blaseRtemplates/0.0.0.9193/61a8d8267c519663b36db5b6357b07aa/blaseRtemplates	active
4.2.2	blob	1.2.3	2023-04-17T16:11:59Z	0c1aca00497e0463b6a2a62ddf69454d	D:/My OSU Academics/Summer2023/DataScience/Week1/Cache/r_4_2_cache/library/blob/1.2.3/0c1aca00497e0463b6a2a62ddf69454d/blob	available
4.2.2	boot	1.3.28	2023-04-17T16:12:00Z	06389bfb04f577cde4e0c06f042a22b4	D:/My OSU Academics/Summer2023/DataScience/Week1/Cache/r_4_2_cache/library/boot/1.3-28/06389bfb04f577cde4e0c06f042a22b4/boot	available
4.2.2	brew	1.0.8	2023-04-17T16:12:01Z	560b8ebd21d0cbe1552e866597a2afb3	D:/My OSU Academics/Summer2023/DataScience/Week1/Cache/r_4_2_cache/library/brew/1.0-8/560b8ebd21d0cbe1552e866597a2afb3/brew	available
4.2.2	brio	1.1.3	2023-04-17T16:12:01Z	492ce475ae772835e5a6160e90fc3d74	D:/My OSU Academics/Summer2023/DataScience/Week1/Cache/r_4_2_cache/library/brio/1.1.3/492ce475ae772835e5a6160e90fc3d74/brio	available
4.2.2	broom	1.0.3	2023-04-17T16:12:02Z	bc2acc25bb02393eff805cccbea33746	D:/My OSU Academics/Summer2023/DataScience/Week1/Cache/r_4_2_cache/library/broom/1.0.3/bc2acc25bb02393eff805cccbea33746/broom	available
4.2.2	bslib	0.4.2	2023-04-17T16:12:12Z	db5ccc6b04ca20c4e9f8e19ed358d1f1	D:/My OSU Academics/Summer2023/DataScience/Week1/Cache/r_4_2_cache/library/bslib/0.4.2/db5ccc6b04ca20c4e9f8e19ed358d1f1/bslib	available
4.2.2	cachem	1.0.6	2023-04-17T16:12:16Z	df2f2468e3fb35839d2872d47f5d3a1e	D:/My OSU Academics/Summer2023/DataScience/Week1/Cache/r_4_2_cache/library/cachem/1.0.6/df2f2468e3fb35839d2872d47f5d3a1e/cachem	available
4.2.2	callr	3.7.3	2023-04-17T16:12:16Z	e587c3f5e3c1f04a7d0e2340eeaf19d2	D:/My OSU Academics/Summer2023/DataScience/Week1/Cache/r_4_2_cache/library/callr/3.7.3/e587c3f5e3c1f04a7d0e2340eeaf19d2/callr	available
4.2.2	car	3.1.1	2023-04-17T16:12:17Z	b3513c51ab99339064196b98544dc2dc	D:/My OSU Academics/Summer2023/DataScience/Week1/Cache/r_4_2_cache/library/car/3.1-1/b3513c51ab99339064196b98544dc2dc/car	available
4.2.2	carData	3.0.5	2023-04-17T16:12:17Z	0b07a38c7166969ee2b21dfbb7a9b30c	D:/My OSU Academics/Summer2023/DataScience/Week1/Cache/r_4_2_cache/library/carData/3.0-5/0b07a38c7166969ee2b21dfbb7a9b30c/carData	available
4.2.2	cellranger	1.1.0	2023-04-17T16:12:17Z	c41d820e447977250272b88d822ebc42	D:/My OSU Academics/Summer2023/DataScience/Week1/Cache/r_4_2_cache/library/cellranger/1.1.0/c41d820e447977250272b88d822ebc42/cellranger	available
4.2.2	class	7.3.20	2023-04-17T16:12:18Z	257a0023fd7205addb2cf726f7227801	D:/My OSU Academics/Summer2023/DataScience/Week1/Cache/r_4_2_cache/library/class/7.3-20/257a0023fd7205addb2cf726f7227801/class	available
4.2.2	cli	3.6.0	2023-04-17T16:12:18Z	c76f4974beedc4c95e71323911160278	D:/My OSU Academics/Summer2023/DataScience/Week1/Cache/r_4_2_cache/library/cli/3.6.0/c76f4974beedc4c95e71323911160278/cli	available
4.2.2	clipr	0.8.0	2023-04-17T16:12:19Z	ddc38fc3aa1f8678592387d0d64a7583	D:/My OSU Academics/Summer2023/DataScience/Week1/Cache/r_4_2_cache/library/clipr/0.8.0/ddc38fc3aa1f8678592387d0d64a7583/clipr	available
4.2.2	cluster	2.1.4	2023-04-17T16:12:20Z	0bcf167fbe11f9014c29df7737b9f1ff	D:/My OSU Academics/Summer2023/DataScience/Week1/Cache/r_4_2_cache/library/cluster/2.1.4/0bcf167fbe11f9014c29df7737b9f1ff/cluster	available
4.2.2	codetools	0.2.18	2023-04-17T16:12:20Z	0e2bee268fdb2c60a097f3561699a4f3	D:/My OSU Academics/Summer2023/DataScience/Week1/Cache/r_4_2_cache/library/codetools/0.2-18/0e2bee268fdb2c60a097f3561699a4f3/codetools	available
4.2.2	colorspace	2.1.0	2023-04-17T16:12:22Z	3c1c01ed782872006e9a82eb6d212051	D:/My OSU Academics/Summer2023/DataScience/Week1/Cache/r_4_2_cache/library/colorspace/2.1-0/3c1c01ed782872006e9a82eb6d212051/colorspace	available
4.2.2	commonmark	1.8.1	2023-04-17T16:12:23Z	197eb79736c6b5a6bd0829fd06c3eebe	D:/My OSU Academics/Summer2023/DataScience/Week1/Cache/r_4_2_cache/library/commonmark/1.8.1/197eb79736c6b5a6bd0829fd06c3eebe/commonmark	available
4.2.2	compiler	4.2.2	2023-04-17T16:12:23Z	9a093c53af3c87a149625bfc4f7b10b4	D:/My OSU Academics/Summer2023/DataScience/Week1/Cache/r_4_2_cache/library/compiler/4.2.2/9a093c53af3c87a149625bfc4f7b10b4/compiler	base
4.2.2	conflicted	1.2.0	2023-04-17T16:12:24Z	72840ff7e3bb9420e7493802c52a82f4	D:/My OSU Academics/Summer2023/DataScience/Week1/Cache/r_4_2_cache/library/conflicted/1.2.0/72840ff7e3bb9420e7493802c52a82f4/conflicted	active
4.2.2	cpp11	0.4.3	2023-04-17T16:12:25Z	6587db86604ec91f8c53f40dcd9eb8f0	D:/My OSU Academics/Summer2023/DataScience/Week1/Cache/r_4_2_cache/library/cpp11/0.4.3/6587db86604ec91f8c53f40dcd9eb8f0/cpp11	available
4.2.2	crayon	1.5.2	2023-04-17T16:12:25Z	8aaf9b498cbf903c8ff03b46c0fba664	D:/My OSU Academics/Summer2023/DataScience/Week1/Cache/r_4_2_cache/library/crayon/1.5.2/8aaf9b498cbf903c8ff03b46c0fba664/crayon	available
4.2.2	credentials	1.3.2	2023-04-17T16:12:26Z	be2b00705987df279082b63d7d7f4f7a	D:/My OSU Academics/Summer2023/DataScience/Week1/Cache/r_4_2_cache/library/credentials/1.3.2/be2b00705987df279082b63d7d7f4f7a/credentials	available
4.2.2	curl	5.0.0	2023-04-17T16:12:27Z	32f0fa39f7dce45c97891e0e3d33f04b	D:/My OSU Academics/Summer2023/DataScience/Week1/Cache/r_4_2_cache/library/curl/5.0.0/32f0fa39f7dce45c97891e0e3d33f04b/curl	available
4.2.2	data.table	1.14.8	2023-04-17T16:12:29Z	17cfe6572fb29cf4bb5e1df991993139	D:/My OSU Academics/Summer2023/DataScience/Week1/Cache/r_4_2_cache/library/data.table/1.14.8/17cfe6572fb29cf4bb5e1df991993139/data.table	available
4.2.2	datasets	4.2.2	2023-04-17T16:12:29Z	8b8712fc090b676fe7189499818f044a	D:/My OSU Academics/Summer2023/DataScience/Week1/Cache/r_4_2_cache/library/datasets/4.2.2/8b8712fc090b676fe7189499818f044a/datasets	base
4.2.2	DBI	1.1.3	2023-04-17T16:12:30Z	95bd5ed31d8d655faf71f95dda5fc8b6	D:/My OSU Academics/Summer2023/DataScience/Week1/Cache/r_4_2_cache/library/DBI/1.1.3/95bd5ed31d8d655faf71f95dda5fc8b6/DBI	available
4.2.2	dbplyr	2.3.1	2023-04-17T16:12:31Z	7560f6d792d54bb2e3e7e5f60d93139d	D:/My OSU Academics/Summer2023/DataScience/Week1/Cache/r_4_2_cache/library/dbplyr/2.3.1/7560f6d792d54bb2e3e7e5f60d93139d/dbplyr	available
4.2.2	desc	1.4.2	2023-04-17T16:12:32Z	23e888154e15756f15c263682513328e	D:/My OSU Academics/Summer2023/DataScience/Week1/Cache/r_4_2_cache/library/desc/1.4.2/23e888154e15756f15c263682513328e/desc	available
4.2.2	devtools	2.4.5	2023-04-17T16:12:32Z	a5ad572c5e906b1c4031442b758c46b3	D:/My OSU Academics/Summer2023/DataScience/Week1/Cache/r_4_2_cache/library/devtools/2.4.5/a5ad572c5e906b1c4031442b758c46b3/devtools	available
4.2.2	diffobj	0.3.5	2023-04-17T16:12:33Z	ed26211718584739805b3bdb981ba043	D:/My OSU Academics/Summer2023/DataScience/Week1/Cache/r_4_2_cache/library/diffobj/0.3.5/ed26211718584739805b3bdb981ba043/diffobj	available
4.2.2	digest	0.6.31	2023-04-17T16:12:34Z	a59d6d345886ddbaec245927de20eb41	D:/My OSU Academics/Summer2023/DataScience/Week1/Cache/r_4_2_cache/library/digest/0.6.31/a59d6d345886ddbaec245927de20eb41/digest	available
4.2.2	downlit	0.4.2	2023-04-17T16:12:34Z	53e46be83a22c29d476ffc762fcc7338	D:/My OSU Academics/Summer2023/DataScience/Week1/Cache/r_4_2_cache/library/downlit/0.4.2/53e46be83a22c29d476ffc762fcc7338/downlit	available
4.2.2	dplyr	1.1.0	2023-04-17T16:12:35Z	d16dd74d77da8bc6879f54fd32ada0ce	D:/My OSU Academics/Summer2023/DataScience/Week1/Cache/r_4_2_cache/library/dplyr/1.1.0/d16dd74d77da8bc6879f54fd32ada0ce/dplyr	available
4.2.2	drc	3.0.1	2023-04-17T16:12:36Z	a989e0c179b152833ef95fa0fe15f917	D:/My OSU Academics/Summer2023/DataScience/Week1/Cache/r_4_2_cache/library/drc/3.0-1/a989e0c179b152833ef95fa0fe15f917/drc	available
4.2.2	dtplyr	1.3.0	2023-04-17T16:12:36Z	824fa74d6d7942b65967cf1de49c891e	D:/My OSU Academics/Summer2023/DataScience/Week1/Cache/r_4_2_cache/library/dtplyr/1.3.0/824fa74d6d7942b65967cf1de49c891e/dtplyr	available
4.2.2	ellipsis	0.3.2	2023-04-17T16:12:36Z	dcbab0d5cd6ad7287810200f2df0a4f9	D:/My OSU Academics/Summer2023/DataScience/Week1/Cache/r_4_2_cache/library/ellipsis/0.3.2/dcbab0d5cd6ad7287810200f2df0a4f9/ellipsis	available
4.2.2	evaluate	0.20	2023-04-17T16:12:37Z	a7a9f234db7949be637eb54a65066b13	D:/My OSU Academics/Summer2023/DataScience/Week1/Cache/r_4_2_cache/library/evaluate/0.20/a7a9f234db7949be637eb54a65066b13/evaluate	available
4.2.2	fansi	1.0.4	2023-04-17T16:12:37Z	ff27e039d577c20ab239728342bdde60	D:/My OSU Academics/Summer2023/DataScience/Week1/Cache/r_4_2_cache/library/fansi/1.0.4/ff27e039d577c20ab239728342bdde60/fansi	available
4.2.2	farver	2.1.1	2023-04-17T16:12:37Z	ddd3cfcd0fcd9a7aa4d122f1cee78467	D:/My OSU Academics/Summer2023/DataScience/Week1/Cache/r_4_2_cache/library/farver/2.1.1/ddd3cfcd0fcd9a7aa4d122f1cee78467/farver	available
4.2.2	fastmap	1.1.0	2023-04-17T16:12:38Z	b7232f56864722b835c93c9e3f04de99	D:/My OSU Academics/Summer2023/DataScience/Week1/Cache/r_4_2_cache/library/fastmap/1.1.0/b7232f56864722b835c93c9e3f04de99/fastmap	available
4.2.2	filelock	1.0.2	2023-04-17T16:12:38Z	fead095e871a803c204102a870b8619a	D:/My OSU Academics/Summer2023/DataScience/Week1/Cache/r_4_2_cache/library/filelock/1.0.2/fead095e871a803c204102a870b8619a/filelock	available
4.2.2	fontawesome	0.5.0	2023-04-17T16:12:38Z	5a3007e59e1d887a77bc7764170422be	D:/My OSU Academics/Summer2023/DataScience/Week1/Cache/r_4_2_cache/library/fontawesome/0.5.0/5a3007e59e1d887a77bc7764170422be/fontawesome	available
4.2.2	forcats	1.0.0	2023-04-17T16:12:39Z	82d55fcbf1ed08a27a06d93fce4eaed6	D:/My OSU Academics/Summer2023/DataScience/Week1/Cache/r_4_2_cache/library/forcats/1.0.0/82d55fcbf1ed08a27a06d93fce4eaed6/forcats	available
4.2.2	foreign	0.8.83	2023-04-17T16:12:40Z	33de6a1632bcd373914484088e741737	D:/My OSU Academics/Summer2023/DataScience/Week1/Cache/r_4_2_cache/library/foreign/0.8-83/33de6a1632bcd373914484088e741737/foreign	available
4.2.2	fs	1.6.1	2023-04-17T16:12:41Z	40f702ff99d42d26c45c9e92686b7fff	D:/My OSU Academics/Summer2023/DataScience/Week1/Cache/r_4_2_cache/library/fs/1.6.1/40f702ff99d42d26c45c9e92686b7fff/fs	active
4.2.2	gargle	1.3.0	2023-04-17T16:12:42Z	220f81089d3043576c673dc8abaace6a	D:/My OSU Academics/Summer2023/DataScience/Week1/Cache/r_4_2_cache/library/gargle/1.3.0/220f81089d3043576c673dc8abaace6a/gargle	available
4.2.2	generics	0.1.3	2023-04-17T16:12:42Z	3ca33a9be741288381ab73a966c3602c	D:/My OSU Academics/Summer2023/DataScience/Week1/Cache/r_4_2_cache/library/generics/0.1.3/3ca33a9be741288381ab73a966c3602c/generics	available
4.2.2	gert	1.9.2	2023-04-17T16:12:43Z	b5f61d2479034da0b00b278fc9b59fbe	D:/My OSU Academics/Summer2023/DataScience/Week1/Cache/r_4_2_cache/library/gert/1.9.2/b5f61d2479034da0b00b278fc9b59fbe/gert	active
4.2.2	ggplot2	3.4.1	2023-04-17T16:12:43Z	24619aec7381f9b1cb4763f714a62ff8	D:/My OSU Academics/Summer2023/DataScience/Week1/Cache/r_4_2_cache/library/ggplot2/3.4.1/24619aec7381f9b1cb4763f714a62ff8/ggplot2	available
4.2.2	gh	1.4.0	2023-04-17T16:12:44Z	799d2fc5258c37abfd23f89bb3ad1483	D:/My OSU Academics/Summer2023/DataScience/Week1/Cache/r_4_2_cache/library/gh/1.4.0/799d2fc5258c37abfd23f89bb3ad1483/gh	available
4.2.2	gitcreds	0.1.2	2023-04-17T16:12:44Z	22ed8b83d53da7ffe9a430f4fee82f9b	D:/My OSU Academics/Summer2023/DataScience/Week1/Cache/r_4_2_cache/library/gitcreds/0.1.2/22ed8b83d53da7ffe9a430f4fee82f9b/gitcreds	available
4.2.2	glue	1.6.2	2023-04-17T16:12:45Z	3a23e5372c16fd5d7062bb37ff61eb2b	D:/My OSU Academics/Summer2023/DataScience/Week1/Cache/r_4_2_cache/library/glue/1.6.2/3a23e5372c16fd5d7062bb37ff61eb2b/glue	available
4.2.2	googledrive	2.0.0	2023-04-17T16:12:45Z	ad6b783fd0f9821ef5e93ede986d920e	D:/My OSU Academics/Summer2023/DataScience/Week1/Cache/r_4_2_cache/library/googledrive/2.0.0/ad6b783fd0f9821ef5e93ede986d920e/googledrive	available
4.2.2	googlesheets4	1.0.1	2023-04-17T16:12:46Z	bdb0758b7194e3e6c9b9ab239ea59949	D:/My OSU Academics/Summer2023/DataScience/Week1/Cache/r_4_2_cache/library/googlesheets4/1.0.1/bdb0758b7194e3e6c9b9ab239ea59949/googlesheets4	available
4.2.2	graphics	4.2.2	2023-04-17T16:12:46Z	3416c041813c27c2b0c596c3e5a34b23	D:/My OSU Academics/Summer2023/DataScience/Week1/Cache/r_4_2_cache/library/graphics/4.2.2/3416c041813c27c2b0c596c3e5a34b23/graphics	base
4.2.2	grDevices	4.2.2	2023-04-17T16:12:48Z	2c094726e21566108a99deaca57e2857	D:/My OSU Academics/Summer2023/DataScience/Week1/Cache/r_4_2_cache/library/grDevices/4.2.2/2c094726e21566108a99deaca57e2857/grDevices	base
4.2.2	grid	4.2.2	2023-04-17T16:12:49Z	6119a9f0fa00708f4876d0366f894120	D:/My OSU Academics/Summer2023/DataScience/Week1/Cache/r_4_2_cache/library/grid/4.2.2/6119a9f0fa00708f4876d0366f894120/grid	base
4.2.2	gtable	0.3.1	2023-04-17T16:12:50Z	9c8883b3e6c275c283ad928bf2acb470	D:/My OSU Academics/Summer2023/DataScience/Week1/Cache/r_4_2_cache/library/gtable/0.3.1/9c8883b3e6c275c283ad928bf2acb470/gtable	available
4.2.2	gtools	3.9.4	2023-04-17T16:12:50Z	d32cb2406c584ca77fb63ffaba48fea9	D:/My OSU Academics/Summer2023/DataScience/Week1/Cache/r_4_2_cache/library/gtools/3.9.4/d32cb2406c584ca77fb63ffaba48fea9/gtools	available
4.2.2	haven	2.5.1	2023-04-17T16:12:51Z	2b74c0208993401fd5a9b1f3509e72f1	D:/My OSU Academics/Summer2023/DataScience/Week1/Cache/r_4_2_cache/library/haven/2.5.1/2b74c0208993401fd5a9b1f3509e72f1/haven	available
4.2.2	highr	0.10	2023-04-17T16:12:51Z	ca3c4f6d24aa5ebe2f8156c6974c535f	D:/My OSU Academics/Summer2023/DataScience/Week1/Cache/r_4_2_cache/library/highr/0.10/ca3c4f6d24aa5ebe2f8156c6974c535f/highr	available
4.2.2	hms	1.1.2	2023-04-17T16:12:52Z	a88e5fc8a36b1f7c2679844c7c51b4fe	D:/My OSU Academics/Summer2023/DataScience/Week1/Cache/r_4_2_cache/library/hms/1.1.2/a88e5fc8a36b1f7c2679844c7c51b4fe/hms	available
4.2.2	htmltools	0.5.4	2023-04-17T16:12:52Z	7fb1d9ad2484ce1790d3af043bc4595c	D:/My OSU Academics/Summer2023/DataScience/Week1/Cache/r_4_2_cache/library/htmltools/0.5.4/7fb1d9ad2484ce1790d3af043bc4595c/htmltools	available
4.2.2	htmlwidgets	1.6.2	2023-04-17T16:12:53Z	b231934db51c7feaf26bc362de55b1bc	D:/My OSU Academics/Summer2023/DataScience/Week1/Cache/r_4_2_cache/library/htmlwidgets/1.6.2/b231934db51c7feaf26bc362de55b1bc/htmlwidgets	available
4.2.2	httpuv	1.6.9	2023-04-17T16:12:54Z	20b0773f1b7fb3614531caf59e5c455f	D:/My OSU Academics/Summer2023/DataScience/Week1/Cache/r_4_2_cache/library/httpuv/1.6.9/20b0773f1b7fb3614531caf59e5c455f/httpuv	available
4.2.2	httr	1.4.5	2023-04-17T16:12:54Z	ad8d8c21818a6845b1b710c5709fcdb3	D:/My OSU Academics/Summer2023/DataScience/Week1/Cache/r_4_2_cache/library/httr/1.4.5/ad8d8c21818a6845b1b710c5709fcdb3/httr	available
4.2.2	httr2	0.2.2	2023-04-17T16:12:55Z	b5a3c092f9537c9da262b371eebe076d	D:/My OSU Academics/Summer2023/DataScience/Week1/Cache/r_4_2_cache/library/httr2/0.2.2/b5a3c092f9537c9da262b371eebe076d/httr2	available
4.2.2	ids	1.0.1	2023-04-17T16:12:55Z	a1cb793b717c52d8678620d0ee221059	D:/My OSU Academics/Summer2023/DataScience/Week1/Cache/r_4_2_cache/library/ids/1.0.1/a1cb793b717c52d8678620d0ee221059/ids	available
4.2.2	ini	0.3.1	2023-04-17T16:12:55Z	93d10e4e153a962d60147eaa50ba4692	D:/My OSU Academics/Summer2023/DataScience/Week1/Cache/r_4_2_cache/library/ini/0.3.1/93d10e4e153a962d60147eaa50ba4692/ini	available
4.2.2	isoband	0.2.7	2023-04-17T16:12:56Z	e29aaabd4fbb712d74a2a6e6372f89a4	D:/My OSU Academics/Summer2023/DataScience/Week1/Cache/r_4_2_cache/library/isoband/0.2.7/e29aaabd4fbb712d74a2a6e6372f89a4/isoband	available
4.2.2	jquerylib	0.1.4	2023-04-17T16:12:57Z	0858881ee9897ae00cd034af317c3368	D:/My OSU Academics/Summer2023/DataScience/Week1/Cache/r_4_2_cache/library/jquerylib/0.1.4/0858881ee9897ae00cd034af317c3368/jquerylib	available
4.2.2	jsonlite	1.8.4	2023-04-17T16:12:58Z	18373228bfabfefef081d05d4869a7a8	D:/My OSU Academics/Summer2023/DataScience/Week1/Cache/r_4_2_cache/library/jsonlite/1.8.4/18373228bfabfefef081d05d4869a7a8/jsonlite	available
4.2.2	KernSmooth	2.23.20	2023-04-17T16:12:58Z	7df9a380304159da2e62c556978fef84	D:/My OSU Academics/Summer2023/DataScience/Week1/Cache/r_4_2_cache/library/KernSmooth/2.23-20/7df9a380304159da2e62c556978fef84/KernSmooth	available
4.2.2	knitr	1.42	2023-04-17T16:13:00Z	1d62dd24ca9082b0e0d81fa5b3fecca5	D:/My OSU Academics/Summer2023/DataScience/Week1/Cache/r_4_2_cache/library/knitr/1.42/1d62dd24ca9082b0e0d81fa5b3fecca5/knitr	available
4.2.2	labeling	0.4.2	2023-04-17T16:13:01Z	099758a557deb0b14f3e37334653746a	D:/My OSU Academics/Summer2023/DataScience/Week1/Cache/r_4_2_cache/library/labeling/0.4.2/099758a557deb0b14f3e37334653746a/labeling	available
4.2.2	later	1.3.0	2023-04-17T16:13:02Z	2247f2ab6e4e9581657acbd2fbabee8a	D:/My OSU Academics/Summer2023/DataScience/Week1/Cache/r_4_2_cache/library/later/1.3.0/2247f2ab6e4e9581657acbd2fbabee8a/later	available
4.2.2	latexpdf	0.1.7	2023-04-17T16:13:02Z	f9b687c3e3e94838e6c7d37ebb093d2d	D:/My OSU Academics/Summer2023/DataScience/Week1/Cache/r_4_2_cache/library/latexpdf/0.1.7/f9b687c3e3e94838e6c7d37ebb093d2d/latexpdf	available
4.2.2	lattice	0.20.45	2023-04-17T16:13:03Z	a6a084d29221d0b2264df4eca8b17e22	D:/My OSU Academics/Summer2023/DataScience/Week1/Cache/r_4_2_cache/library/lattice/0.20-45/a6a084d29221d0b2264df4eca8b17e22/lattice	available
4.2.2	lazyData	1.1.0	2023-04-17T16:13:03Z	7e6460b092932315b7396cdabe061626	D:/My OSU Academics/Summer2023/DataScience/Week1/Cache/r_4_2_cache/library/lazyData/1.1.0/7e6460b092932315b7396cdabe061626/lazyData	available
4.2.2	lazyeval	0.2.2	2023-04-17T16:13:03Z	e8629955112c4246c614abbf99ca2246	D:/My OSU Academics/Summer2023/DataScience/Week1/Cache/r_4_2_cache/library/lazyeval/0.2.2/e8629955112c4246c614abbf99ca2246/lazyeval	available
4.2.2	lifecycle	1.0.3	2023-04-17T16:13:04Z	ad199b267b775a3807919aca1986c7c2	D:/My OSU Academics/Summer2023/DataScience/Week1/Cache/r_4_2_cache/library/lifecycle/1.0.3/ad199b267b775a3807919aca1986c7c2/lifecycle	available
4.2.2	lme4	1.1.31	2023-04-17T16:13:05Z	bd016ff9cdbfbc834dea2ec1711da6da	D:/My OSU Academics/Summer2023/DataScience/Week1/Cache/r_4_2_cache/library/lme4/1.1-31/bd016ff9cdbfbc834dea2ec1711da6da/lme4	available
4.2.2	lubridate	1.9.2	2023-04-17T16:13:06Z	b9837ed6e8c706c907b480044f868c4a	D:/My OSU Academics/Summer2023/DataScience/Week1/Cache/r_4_2_cache/library/lubridate/1.9.2/b9837ed6e8c706c907b480044f868c4a/lubridate	available
4.2.2	magrittr	2.0.3	2023-04-17T16:13:06Z	858b1e21f40185dd91356a8b85010125	D:/My OSU Academics/Summer2023/DataScience/Week1/Cache/r_4_2_cache/library/magrittr/2.0.3/858b1e21f40185dd91356a8b85010125/magrittr	available
4.2.2	markdown	1.5	2023-04-17T16:13:07Z	8886bc2f5911685c536c678294138193	D:/My OSU Academics/Summer2023/DataScience/Week1/Cache/r_4_2_cache/library/markdown/1.5/8886bc2f5911685c536c678294138193/markdown	available
4.2.2	MASS	7.3.58.1	2023-04-17T16:13:08Z	7dfb44fe3dc740f33611b793567aa2e4	D:/My OSU Academics/Summer2023/DataScience/Week1/Cache/r_4_2_cache/library/MASS/7.3-58.1/7dfb44fe3dc740f33611b793567aa2e4/MASS	available
4.2.2	Matrix	1.5.1	2023-04-17T16:13:09Z	150829e016b8b9553b337a0996f977e1	D:/My OSU Academics/Summer2023/DataScience/Week1/Cache/r_4_2_cache/library/Matrix/1.5-1/150829e016b8b9553b337a0996f977e1/Matrix	available
4.2.2	MatrixModels	0.5.1	2023-04-17T16:13:10Z	04842d6d55f6180b992e12ad856e350f	D:/My OSU Academics/Summer2023/DataScience/Week1/Cache/r_4_2_cache/library/MatrixModels/0.5-1/04842d6d55f6180b992e12ad856e350f/MatrixModels	available
4.2.2	memoise	2.0.1	2023-04-17T16:13:10Z	69343a727ebaa596c638816b9fdca0a7	D:/My OSU Academics/Summer2023/DataScience/Week1/Cache/r_4_2_cache/library/memoise/2.0.1/69343a727ebaa596c638816b9fdca0a7/memoise	available
4.2.2	methods	4.2.2	2023-04-17T16:13:10Z	1559c24696b28fd2c95936806867fcfc	D:/My OSU Academics/Summer2023/DataScience/Week1/Cache/r_4_2_cache/library/methods/4.2.2/1559c24696b28fd2c95936806867fcfc/methods	base
4.2.2	mgcv	1.8.41	2023-04-17T16:13:11Z	f45d6b93aa04520a407c1070ea6f03b9	D:/My OSU Academics/Summer2023/DataScience/Week1/Cache/r_4_2_cache/library/mgcv/1.8-41/f45d6b93aa04520a407c1070ea6f03b9/mgcv	available
4.2.2	mime	0.12	2023-04-17T16:13:11Z	c418ab06512fc0effe2216ce1abb1e65	D:/My OSU Academics/Summer2023/DataScience/Week1/Cache/r_4_2_cache/library/mime/0.12/c418ab06512fc0effe2216ce1abb1e65/mime	available
4.2.2	miniUI	0.1.1.1	2023-04-17T16:13:12Z	216a49d593e44943815b8f979e3f40ef	D:/My OSU Academics/Summer2023/DataScience/Week1/Cache/r_4_2_cache/library/miniUI/0.1.1.1/216a49d593e44943815b8f979e3f40ef/miniUI	available
4.2.2	minqa	1.2.5	2023-04-17T16:13:12Z	3fed15b61741829201cd0dc4dc6c0049	D:/My OSU Academics/Summer2023/DataScience/Week1/Cache/r_4_2_cache/library/minqa/1.2.5/3fed15b61741829201cd0dc4dc6c0049/minqa	available
4.2.2	modelr	0.1.10	2023-04-17T16:13:12Z	3c4b9ebfffe546f0ec37a6026254cdd2	D:/My OSU Academics/Summer2023/DataScience/Week1/Cache/r_4_2_cache/library/modelr/0.1.10/3c4b9ebfffe546f0ec37a6026254cdd2/modelr	available
4.2.2	multcomp	1.4.23	2023-04-17T16:13:13Z	f11bd1dd5c2fb98d24bdb5170a2f59ac	D:/My OSU Academics/Summer2023/DataScience/Week1/Cache/r_4_2_cache/library/multcomp/1.4-23/f11bd1dd5c2fb98d24bdb5170a2f59ac/multcomp	available
4.2.2	munsell	0.5.0	2023-04-17T16:13:13Z	42450fa861466d0d0fe880876a33e333	D:/My OSU Academics/Summer2023/DataScience/Week1/Cache/r_4_2_cache/library/munsell/0.5.0/42450fa861466d0d0fe880876a33e333/munsell	available
4.2.2	mvtnorm	1.1.3	2023-04-17T16:13:14Z	f0102aa533ada31318f6cf84254fd63a	D:/My OSU Academics/Summer2023/DataScience/Week1/Cache/r_4_2_cache/library/mvtnorm/1.1-3/f0102aa533ada31318f6cf84254fd63a/mvtnorm	available
4.2.2	ncar	0.4.5	2023-04-17T16:13:14Z	3528bb899fb6d2f819621845ecaadbe7	D:/My OSU Academics/Summer2023/DataScience/Week1/Cache/r_4_2_cache/library/ncar/0.4.5/3528bb899fb6d2f819621845ecaadbe7/ncar	available
4.2.2	nlme	3.1.160	2023-04-17T16:13:15Z	092c7b88865fd7f120505897e20a9f76	D:/My OSU Academics/Summer2023/DataScience/Week1/Cache/r_4_2_cache/library/nlme/3.1-160/092c7b88865fd7f120505897e20a9f76/nlme	available
4.2.2	nloptr	2.0.3	2023-04-17T16:13:16Z	50d927d3afb374b8e8852b0b1019b472	D:/My OSU Academics/Summer2023/DataScience/Week1/Cache/r_4_2_cache/library/nloptr/2.0.3/50d927d3afb374b8e8852b0b1019b472/nloptr	available
4.2.2	nnet	7.3.18	2023-04-17T16:13:16Z	ebed1569f451ebf30a2a53cd23c2c625	D:/My OSU Academics/Summer2023/DataScience/Week1/Cache/r_4_2_cache/library/nnet/7.3-18/ebed1569f451ebf30a2a53cd23c2c625/nnet	available
4.2.2	NonCompart	0.6.0	2023-04-17T16:13:16Z	2f207d4c054d7790bda4d3d1e16106ed	D:/My OSU Academics/Summer2023/DataScience/Week1/Cache/r_4_2_cache/library/NonCompart/0.6.0/2f207d4c054d7790bda4d3d1e16106ed/NonCompart	available
4.2.2	numDeriv	2016.8.1.1	2023-04-17T16:13:17Z	6e260a15666aa15076d9ded3eab07018	D:/My OSU Academics/Summer2023/DataScience/Week1/Cache/r_4_2_cache/library/numDeriv/2016.8-1.1/6e260a15666aa15076d9ded3eab07018/numDeriv	available
4.2.2	openssl	2.0.5	2023-04-17T16:13:18Z	8cb9534c82b535c4580bf28a444062dc	D:/My OSU Academics/Summer2023/DataScience/Week1/Cache/r_4_2_cache/library/openssl/2.0.5/8cb9534c82b535c4580bf28a444062dc/openssl	available
4.2.2	pak	0.4.0	2023-04-17T16:13:25Z	d736ba56dfe00db145ce41334942dd33	D:/My OSU Academics/Summer2023/DataScience/Week1/Cache/r_4_2_cache/library/pak/0.4.0/d736ba56dfe00db145ce41334942dd33/pak	available
4.2.2	parallel	4.2.2	2023-04-17T16:13:29Z	5ee757266acaa25c30f23ebb5a94a996	D:/My OSU Academics/Summer2023/DataScience/Week1/Cache/r_4_2_cache/library/parallel/4.2.2/5ee757266acaa25c30f23ebb5a94a996/parallel	base
4.2.2	pbkrtest	0.5.2	2023-04-17T16:13:29Z	b51a2e3d45246975ff27c91bed716c34	D:/My OSU Academics/Summer2023/DataScience/Week1/Cache/r_4_2_cache/library/pbkrtest/0.5.2/b51a2e3d45246975ff27c91bed716c34/pbkrtest	available
4.2.2	pillar	1.8.1	2023-04-17T16:13:30Z	d54e68e2f641e1d01bdde2d11031b832	D:/My OSU Academics/Summer2023/DataScience/Week1/Cache/r_4_2_cache/library/pillar/1.8.1/d54e68e2f641e1d01bdde2d11031b832/pillar	available
4.2.2	pkgbuild	1.4.0	2023-04-17T16:13:30Z	054d55f49991cad0c662a588c62ddc0f	D:/My OSU Academics/Summer2023/DataScience/Week1/Cache/r_4_2_cache/library/pkgbuild/1.4.0/054d55f49991cad0c662a588c62ddc0f/pkgbuild	available
4.2.2	pkgcache	2.0.4	2023-04-17T16:13:31Z	14f9554db2c98761b5c3bdd5bc9ee889	D:/My OSU Academics/Summer2023/DataScience/Week1/Cache/r_4_2_cache/library/pkgcache/2.0.4/14f9554db2c98761b5c3bdd5bc9ee889/pkgcache	available
4.2.2	pkgconfig	2.0.3	2023-04-17T16:13:31Z	e427d9665bb5af1cf6bc3c19ac809a8c	D:/My OSU Academics/Summer2023/DataScience/Week1/Cache/r_4_2_cache/library/pkgconfig/2.0.3/e427d9665bb5af1cf6bc3c19ac809a8c/pkgconfig	available
4.2.2	pkgdown	2.0.7	2023-04-17T16:13:32Z	5ccf26cdd1de692a47777cc744939af4	D:/My OSU Academics/Summer2023/DataScience/Week1/Cache/r_4_2_cache/library/pkgdown/2.0.7/5ccf26cdd1de692a47777cc744939af4/pkgdown	available
4.2.2	pkgload	1.3.2	2023-04-17T16:13:33Z	f1622c4143cdc1eadeabb8b6246d6ee4	D:/My OSU Academics/Summer2023/DataScience/Week1/Cache/r_4_2_cache/library/pkgload/1.3.2/f1622c4143cdc1eadeabb8b6246d6ee4/pkgload	available
4.2.2	plogr	0.2.0	2023-04-17T16:13:34Z	735716a90eaaa91f43f6a36e39954e5a	D:/My OSU Academics/Summer2023/DataScience/Week1/Cache/r_4_2_cache/library/plogr/0.2.0/735716a90eaaa91f43f6a36e39954e5a/plogr	available
4.2.2	plotrix	3.8.2	2023-04-17T16:13:34Z	089e04cba45a6addf45d640bfb19b3f3	D:/My OSU Academics/Summer2023/DataScience/Week1/Cache/r_4_2_cache/library/plotrix/3.8-2/089e04cba45a6addf45d640bfb19b3f3/plotrix	available
4.2.2	plyr	1.8.8	2023-04-17T16:13:34Z	05c0a75a3612e5cc15e6bb4c797612a2	D:/My OSU Academics/Summer2023/DataScience/Week1/Cache/r_4_2_cache/library/plyr/1.8.8/05c0a75a3612e5cc15e6bb4c797612a2/plyr	available
4.2.2	PopED	0.6.0	2023-04-17T16:13:35Z	930aa281f8adbb636af71bc35007a4b6	D:/My OSU Academics/Summer2023/DataScience/Week1/Cache/r_4_2_cache/library/PopED/0.6.0/930aa281f8adbb636af71bc35007a4b6/PopED	available
4.2.2	praise	1.0.0	2023-04-17T16:13:36Z	0bcc25c946ff5f933b8953f46430be6e	D:/My OSU Academics/Summer2023/DataScience/Week1/Cache/r_4_2_cache/library/praise/1.0.0/0bcc25c946ff5f933b8953f46430be6e/praise	available
4.2.2	prettyunits	1.1.1	2023-04-17T16:13:36Z	71d124464d3f2336d334705f0c5614ff	D:/My OSU Academics/Summer2023/DataScience/Week1/Cache/r_4_2_cache/library/prettyunits/1.1.1/71d124464d3f2336d334705f0c5614ff/prettyunits	available
4.2.2	processx	3.8.0	2023-04-17T16:13:37Z	43a0a3717d53298cd3e4ab8bb51fe8a7	D:/My OSU Academics/Summer2023/DataScience/Week1/Cache/r_4_2_cache/library/processx/3.8.0/43a0a3717d53298cd3e4ab8bb51fe8a7/processx	available
4.2.2	profvis	0.3.7	2023-04-17T16:13:37Z	765c6db88f2536bbc5e68512548e99d2	D:/My OSU Academics/Summer2023/DataScience/Week1/Cache/r_4_2_cache/library/profvis/0.3.7/765c6db88f2536bbc5e68512548e99d2/profvis	available
4.2.2	progress	1.2.2	2023-04-17T16:13:38Z	1f999049c2315b56c0c219d1dbd74873	D:/My OSU Academics/Summer2023/DataScience/Week1/Cache/r_4_2_cache/library/progress/1.2.2/1f999049c2315b56c0c219d1dbd74873/progress	available
4.2.2	promises	1.2.0.1	2023-04-17T16:13:39Z	9250fd9f1a8292159b6b438d4b5f0c7b	D:/My OSU Academics/Summer2023/DataScience/Week1/Cache/r_4_2_cache/library/promises/1.2.0.1/9250fd9f1a8292159b6b438d4b5f0c7b/promises	available
4.2.2	prompt	1.0.1	2023-04-17T16:13:39Z	82aeac5493dd85661318424c64b1d181	D:/My OSU Academics/Summer2023/DataScience/Week1/Cache/r_4_2_cache/library/prompt/1.0.1/82aeac5493dd85661318424c64b1d181/prompt	available
4.2.2	ps	1.7.2	2023-04-17T16:13:39Z	3a72733525707c90580948ff8801aae4	D:/My OSU Academics/Summer2023/DataScience/Week1/Cache/r_4_2_cache/library/ps/1.7.2/3a72733525707c90580948ff8801aae4/ps	available
4.2.2	purrr	1.0.1	2023-04-17T16:13:40Z	fc43c6257458afd071dc1f99d5bd8e6b	D:/My OSU Academics/Summer2023/DataScience/Week1/Cache/r_4_2_cache/library/purrr/1.0.1/fc43c6257458afd071dc1f99d5bd8e6b/purrr	available
4.2.2	quantreg	5.94	2023-04-17T16:13:41Z	556aef673819bc64634ef234750f904f	D:/My OSU Academics/Summer2023/DataScience/Week1/Cache/r_4_2_cache/library/quantreg/5.94/556aef673819bc64634ef234750f904f/quantreg	available
4.2.2	R.methodsS3	1.8.2	2023-04-17T16:13:41Z	bd8140f39bdf09370bc67b36212c02f6	D:/My OSU Academics/Summer2023/DataScience/Week1/Cache/r_4_2_cache/library/R.methodsS3/1.8.2/bd8140f39bdf09370bc67b36212c02f6/R.methodsS3	available
4.2.2	R.oo	1.25.0	2023-04-17T16:13:41Z	aa2ea1e118774e2c89cf03f0eb616260	D:/My OSU Academics/Summer2023/DataScience/Week1/Cache/r_4_2_cache/library/R.oo/1.25.0/aa2ea1e118774e2c89cf03f0eb616260/R.oo	available
4.2.2	R6	2.5.1	2023-04-17T16:13:42Z	1b34320cce59d5cfc45ee109be8d228c	D:/My OSU Academics/Summer2023/DataScience/Week1/Cache/r_4_2_cache/library/R6/2.5.1/1b34320cce59d5cfc45ee109be8d228c/R6	available
4.2.2	ragg	1.2.5	2023-04-17T16:13:42Z	ddb0f1b58e266530dd204259cffd4a8d	D:/My OSU Academics/Summer2023/DataScience/Week1/Cache/r_4_2_cache/library/ragg/1.2.5/ddb0f1b58e266530dd204259cffd4a8d/ragg	available
4.2.2	rappdirs	0.3.3	2023-04-17T16:13:42Z	c5b248914a985735eea93edc729201a4	D:/My OSU Academics/Summer2023/DataScience/Week1/Cache/r_4_2_cache/library/rappdirs/0.3.3/c5b248914a985735eea93edc729201a4/rappdirs	available
4.2.2	rcmdcheck	1.4.0	2023-04-17T16:13:43Z	7c0963285333be3d6ef610b921a22110	D:/My OSU Academics/Summer2023/DataScience/Week1/Cache/r_4_2_cache/library/rcmdcheck/1.4.0/7c0963285333be3d6ef610b921a22110/rcmdcheck	available
4.2.2	RColorBrewer	1.1.3	2023-04-17T16:13:43Z	19033b2cf77d0656d5fab5913caaf8e9	D:/My OSU Academics/Summer2023/DataScience/Week1/Cache/r_4_2_cache/library/RColorBrewer/1.1-3/19033b2cf77d0656d5fab5913caaf8e9/RColorBrewer	available
4.2.2	Rcpp	1.0.10	2023-04-17T16:13:49Z	439def1480676eaf2a525232f17044f6	D:/My OSU Academics/Summer2023/DataScience/Week1/Cache/r_4_2_cache/library/Rcpp/1.0.10/439def1480676eaf2a525232f17044f6/Rcpp	available
4.2.2	RcppEigen	0.3.3.9.3	2023-04-17T16:13:57Z	270047ce72d4c01890574f15f7813549	D:/My OSU Academics/Summer2023/DataScience/Week1/Cache/r_4_2_cache/library/RcppEigen/0.3.3.9.3/270047ce72d4c01890574f15f7813549/RcppEigen	available
4.2.2	readr	2.1.4	2023-04-17T16:14:00Z	9806db86442f4df4957c723522e7e77c	D:/My OSU Academics/Summer2023/DataScience/Week1/Cache/r_4_2_cache/library/readr/2.1.4/9806db86442f4df4957c723522e7e77c/readr	available
4.2.2	readxl	1.4.2	2023-04-17T16:14:00Z	673be7637a7cfdaabbdad614df062cb0	D:/My OSU Academics/Summer2023/DataScience/Week1/Cache/r_4_2_cache/library/readxl/1.4.2/673be7637a7cfdaabbdad614df062cb0/readxl	available
4.2.2	rematch	1.0.1	2023-04-17T16:14:01Z	938d21df71ebf45e13fad23e2bf50a83	D:/My OSU Academics/Summer2023/DataScience/Week1/Cache/r_4_2_cache/library/rematch/1.0.1/938d21df71ebf45e13fad23e2bf50a83/rematch	available
4.2.2	rematch2	2.1.2	2023-04-17T16:14:01Z	4c5627771244d2c3214142034c3ee215	D:/My OSU Academics/Summer2023/DataScience/Week1/Cache/r_4_2_cache/library/rematch2/2.1.2/4c5627771244d2c3214142034c3ee215/rematch2	available
4.2.2	remotes	2.4.2	2023-04-17T16:14:02Z	ba60bfe55bcb12c506e27b07c46b9d2d	D:/My OSU Academics/Summer2023/DataScience/Week1/Cache/r_4_2_cache/library/remotes/2.4.2/ba60bfe55bcb12c506e27b07c46b9d2d/remotes	available
4.2.2	renv	0.17.3	2023-04-17T16:14:03Z	0706728d3e39199480797f1ff470980a	D:/My OSU Academics/Summer2023/DataScience/Week1/Cache/r_4_2_cache/library/renv/0.17.3/0706728d3e39199480797f1ff470980a/renv	available
4.2.2	reprex	2.0.2	2023-04-17T16:14:03Z	2e15ae15d85e30bc24e8d939abfbc53d	D:/My OSU Academics/Summer2023/DataScience/Week1/Cache/r_4_2_cache/library/reprex/2.0.2/2e15ae15d85e30bc24e8d939abfbc53d/reprex	available
4.2.2	reshape2	1.4.4	2023-04-17T16:14:04Z	39720d213d4c3a64d748877e39b1f569	D:/My OSU Academics/Summer2023/DataScience/Week1/Cache/r_4_2_cache/library/reshape2/1.4.4/39720d213d4c3a64d748877e39b1f569/reshape2	available
4.2.2	rjson	0.2.21	2023-04-17T16:14:04Z	1b521892ad5e6ea0990c56830e1070ac	D:/My OSU Academics/Summer2023/DataScience/Week1/Cache/r_4_2_cache/library/rjson/0.2.21/1b521892ad5e6ea0990c56830e1070ac/rjson	available
4.2.2	rlang	1.0.6	2023-04-17T16:14:05Z	8866485e4ecb326d171f4142e2fa7e3a	D:/My OSU Academics/Summer2023/DataScience/Week1/Cache/r_4_2_cache/library/rlang/1.0.6/8866485e4ecb326d171f4142e2fa7e3a/rlang	available
4.2.2	rmarkdown	2.20	2023-04-17T16:14:08Z	6a7173f063200c55c41f0089f3c5bab1	D:/My OSU Academics/Summer2023/DataScience/Week1/Cache/r_4_2_cache/library/rmarkdown/2.20/6a7173f063200c55c41f0089f3c5bab1/rmarkdown	available
4.2.2	roxygen2	7.2.3	2023-04-17T16:14:10Z	671c45c810c91bdcd02472fba5657631	D:/My OSU Academics/Summer2023/DataScience/Week1/Cache/r_4_2_cache/library/roxygen2/7.2.3/671c45c810c91bdcd02472fba5657631/roxygen2	available
4.2.2	rpart	4.1.19	2023-04-17T16:14:11Z	39f043415835b5041d1cbc1bf44f53fd	D:/My OSU Academics/Summer2023/DataScience/Week1/Cache/r_4_2_cache/library/rpart/4.1.19/39f043415835b5041d1cbc1bf44f53fd/rpart	available
4.2.2	rprojroot	2.0.3	2023-04-17T16:14:12Z	101973ffe830f25c2d14542ead1454f2	D:/My OSU Academics/Summer2023/DataScience/Week1/Cache/r_4_2_cache/library/rprojroot/2.0.3/101973ffe830f25c2d14542ead1454f2/rprojroot	available
4.2.2	rstudioapi	0.14	2023-04-17T16:14:12Z	da46ae515a8580029cea3eec19a3a433	D:/My OSU Academics/Summer2023/DataScience/Week1/Cache/r_4_2_cache/library/rstudioapi/0.14/da46ae515a8580029cea3eec19a3a433/rstudioapi	available
4.2.2	rtf	0.4.14.1	2023-04-17T16:14:13Z	8dc4c36d5af58670f9e7c21670a59162	D:/My OSU Academics/Summer2023/DataScience/Week1/Cache/r_4_2_cache/library/rtf/0.4-14.1/8dc4c36d5af58670f9e7c21670a59162/rtf	available
4.2.2	rversions	2.1.2	2023-04-17T16:14:13Z	7e95e9588edc69cfa208f888360a10ef	D:/My OSU Academics/Summer2023/DataScience/Week1/Cache/r_4_2_cache/library/rversions/2.1.2/7e95e9588edc69cfa208f888360a10ef/rversions	available
4.2.2	rvest	1.0.3	2023-04-17T16:14:14Z	739e7b418bde00a64d07ca987b16b184	D:/My OSU Academics/Summer2023/DataScience/Week1/Cache/r_4_2_cache/library/rvest/1.0.3/739e7b418bde00a64d07ca987b16b184/rvest	available
4.2.2	sandwich	3.0.2	2023-04-17T16:14:14Z	0b6cac9c454581da1f75d8b1487b388b	D:/My OSU Academics/Summer2023/DataScience/Week1/Cache/r_4_2_cache/library/sandwich/3.0-2/0b6cac9c454581da1f75d8b1487b388b/sandwich	available
4.2.2	sass	0.4.5	2023-04-17T16:14:15Z	8e4af0c2058fbf664140f873934594b5	D:/My OSU Academics/Summer2023/DataScience/Week1/Cache/r_4_2_cache/library/sass/0.4.5/8e4af0c2058fbf664140f873934594b5/sass	available
4.2.2	scales	1.2.1	2023-04-17T16:14:15Z	c653fc73557f24e5add49ac4556a97b2	D:/My OSU Academics/Summer2023/DataScience/Week1/Cache/r_4_2_cache/library/scales/1.2.1/c653fc73557f24e5add49ac4556a97b2/scales	available
4.2.2	selectr	0.4.2	2023-04-17T16:14:16Z	d924966709a6c2afc7ee10336f053bfd	D:/My OSU Academics/Summer2023/DataScience/Week1/Cache/r_4_2_cache/library/selectr/0.4-2/d924966709a6c2afc7ee10336f053bfd/selectr	available
4.2.2	sessioninfo	1.2.2	2023-04-17T16:14:16Z	8af4e78f1e8b6cf12382c19efc655d66	D:/My OSU Academics/Summer2023/DataScience/Week1/Cache/r_4_2_cache/library/sessioninfo/1.2.2/8af4e78f1e8b6cf12382c19efc655d66/sessioninfo	available
4.2.2	shiny	1.7.4	2023-04-17T16:14:19Z	1fecb9d1467134d60de452f89abc3482	D:/My OSU Academics/Summer2023/DataScience/Week1/Cache/r_4_2_cache/library/shiny/1.7.4/1fecb9d1467134d60de452f89abc3482/shiny	available
4.2.2	sourcetools	0.1.7.1	2023-04-17T16:14:21Z	8929fb2ac5ed0a8fe8ac2ac2a62875bd	D:/My OSU Academics/Summer2023/DataScience/Week1/Cache/r_4_2_cache/library/sourcetools/0.1.7-1/8929fb2ac5ed0a8fe8ac2ac2a62875bd/sourcetools	available
4.2.2	SparseM	1.81	2023-04-17T16:14:21Z	aabfb450bf7a95ff3d0e53632d5931dd	D:/My OSU Academics/Summer2023/DataScience/Week1/Cache/r_4_2_cache/library/SparseM/1.81/aabfb450bf7a95ff3d0e53632d5931dd/SparseM	available
4.2.2	spatial	7.3.15	2023-04-17T16:14:22Z	df368d06da3157bbc8e5918dc978f292	D:/My OSU Academics/Summer2023/DataScience/Week1/Cache/r_4_2_cache/library/spatial/7.3-15/df368d06da3157bbc8e5918dc978f292/spatial	available
4.2.2	splines	4.2.2	2023-04-17T16:14:22Z	598e75d8837099b83c403820f8ff3733	D:/My OSU Academics/Summer2023/DataScience/Week1/Cache/r_4_2_cache/library/splines/4.2.2/598e75d8837099b83c403820f8ff3733/splines	base
4.2.2	stats	4.2.2	2023-04-17T16:14:23Z	89c6f3053ad37d124b63d294a11107a8	D:/My OSU Academics/Summer2023/DataScience/Week1/Cache/r_4_2_cache/library/stats/4.2.2/89c6f3053ad37d124b63d294a11107a8/stats	base
4.2.2	stats4	4.2.2	2023-04-17T16:14:23Z	6fadbdfd43dbb5327c10454de0dc50e4	D:/My OSU Academics/Summer2023/DataScience/Week1/Cache/r_4_2_cache/library/stats4/4.2.2/6fadbdfd43dbb5327c10454de0dc50e4/stats4	base
4.2.2	stringi	1.7.12	2023-04-17T16:14:24Z	65be48550e50f89739086375fae7ef4b	D:/My OSU Academics/Summer2023/DataScience/Week1/Cache/r_4_2_cache/library/stringi/1.7.12/65be48550e50f89739086375fae7ef4b/stringi	available
4.2.2	stringr	1.5.0	2023-04-17T16:14:25Z	6799081b4d6c445815233706cf3ff6a3	D:/My OSU Academics/Summer2023/DataScience/Week1/Cache/r_4_2_cache/library/stringr/1.5.0/6799081b4d6c445815233706cf3ff6a3/stringr	available
4.2.2	survival	3.4.0	2023-04-17T16:14:28Z	53d40c8a823a584ba9e2951f98bc67e5	D:/My OSU Academics/Summer2023/DataScience/Week1/Cache/r_4_2_cache/library/survival/3.4-0/53d40c8a823a584ba9e2951f98bc67e5/survival	available
4.2.2	sys	3.4.1	2023-04-17T16:14:29Z	12a36907622849592534d8d886e0fcb7	D:/My OSU Academics/Summer2023/DataScience/Week1/Cache/r_4_2_cache/library/sys/3.4.1/12a36907622849592534d8d886e0fcb7/sys	available
4.2.2	systemfonts	1.0.4	2023-04-17T16:14:30Z	6e5000ffc97d4bc8c8f1cba7dd788d57	D:/My OSU Academics/Summer2023/DataScience/Week1/Cache/r_4_2_cache/library/systemfonts/1.0.4/6e5000ffc97d4bc8c8f1cba7dd788d57/systemfonts	available
4.2.2	tcltk	4.2.2	2023-04-17T16:14:30Z	5514435bcf06111c40cf12045954ed59	D:/My OSU Academics/Summer2023/DataScience/Week1/Cache/r_4_2_cache/library/tcltk/4.2.2/5514435bcf06111c40cf12045954ed59/tcltk	base
4.2.2	testthat	3.1.6	2023-04-17T16:14:31Z	ab1c3e590ce841fc5b9087119f2ba2b4	D:/My OSU Academics/Summer2023/DataScience/Week1/Cache/r_4_2_cache/library/testthat/3.1.6/ab1c3e590ce841fc5b9087119f2ba2b4/testthat	available
4.2.2	textshaping	0.3.6	2023-04-17T16:14:32Z	957a1c26b5c1de59773e8c0bc61facd9	D:/My OSU Academics/Summer2023/DataScience/Week1/Cache/r_4_2_cache/library/textshaping/0.3.6/957a1c26b5c1de59773e8c0bc61facd9/textshaping	available
4.2.2	TH.data	1.1.1	2023-04-17T16:14:32Z	81fa0e7dbff0fa3be180d7efc54f2183	D:/My OSU Academics/Summer2023/DataScience/Week1/Cache/r_4_2_cache/library/TH.data/1.1-1/81fa0e7dbff0fa3be180d7efc54f2183/TH.data	available
4.2.2	tibble	3.1.8	2023-04-17T16:14:34Z	34679bca4c5df536a50d716419579ad5	D:/My OSU Academics/Summer2023/DataScience/Week1/Cache/r_4_2_cache/library/tibble/3.1.8/34679bca4c5df536a50d716419579ad5/tibble	available
4.2.2	tidyr	1.3.0	2023-04-17T16:14:35Z	50baffe7910dd5661557b74be3af58ed	D:/My OSU Academics/Summer2023/DataScience/Week1/Cache/r_4_2_cache/library/tidyr/1.3.0/50baffe7910dd5661557b74be3af58ed/tidyr	available
4.2.2	tidyselect	1.2.0	2023-04-17T16:14:35Z	a7f0e2aaf09cf0bd807f7183ebf194ad	D:/My OSU Academics/Summer2023/DataScience/Week1/Cache/r_4_2_cache/library/tidyselect/1.2.0/a7f0e2aaf09cf0bd807f7183ebf194ad/tidyselect	available
4.2.2	tidyverse	2.0.0	2023-04-17T16:14:36Z	471ae2218a851c171bed008ba993e0dc	D:/My OSU Academics/Summer2023/DataScience/Week1/Cache/r_4_2_cache/library/tidyverse/2.0.0/471ae2218a851c171bed008ba993e0dc/tidyverse	active
4.2.2	timechange	0.2.0	2023-04-17T16:14:36Z	a00d8b3d191bb24077d43b27e1ec49bf	D:/My OSU Academics/Summer2023/DataScience/Week1/Cache/r_4_2_cache/library/timechange/0.2.0/a00d8b3d191bb24077d43b27e1ec49bf/timechange	available
4.2.2	tinytex	0.44	2023-04-17T16:14:36Z	e033bd4e84e1181c743f67efef42ed04	D:/My OSU Academics/Summer2023/DataScience/Week1/Cache/r_4_2_cache/library/tinytex/0.44/e033bd4e84e1181c743f67efef42ed04/tinytex	available
4.2.2	tools	4.2.2	2023-04-17T16:14:37Z	452384157e2a8fa4c5fe76947aaa4444	D:/My OSU Academics/Summer2023/DataScience/Week1/Cache/r_4_2_cache/library/tools/4.2.2/452384157e2a8fa4c5fe76947aaa4444/tools	base
4.2.2	translations	4.2.2	2023-04-17T16:14:39Z	8eeb69d848b2a91adcdbe5011ae4dd46	D:/My OSU Academics/Summer2023/DataScience/Week1/Cache/r_4_2_cache/library/translations/4.2.2/8eeb69d848b2a91adcdbe5011ae4dd46/translations	available
4.2.2	tzdb	0.3.0	2023-04-17T16:14:41Z	3cfb325e98e8468eef083db6ea309541	D:/My OSU Academics/Summer2023/DataScience/Week1/Cache/r_4_2_cache/library/tzdb/0.3.0/3cfb325e98e8468eef083db6ea309541/tzdb	available
4.2.2	urlchecker	1.0.1	2023-04-17T16:14:42Z	f95c8822bfc396e3a0fe4cb1dd746fe2	D:/My OSU Academics/Summer2023/DataScience/Week1/Cache/r_4_2_cache/library/urlchecker/1.0.1/f95c8822bfc396e3a0fe4cb1dd746fe2/urlchecker	available
4.2.2	usethis	2.1.6	2023-04-17T16:14:43Z	4efe8698f937d5e3edad3924e27f5c85	D:/My OSU Academics/Summer2023/DataScience/Week1/Cache/r_4_2_cache/library/usethis/2.1.6/4efe8698f937d5e3edad3924e27f5c85/usethis	active
4.2.2	utf8	1.2.3	2023-04-17T16:14:43Z	ef65d48dc09de41c544cfcf8807c1686	D:/My OSU Academics/Summer2023/DataScience/Week1/Cache/r_4_2_cache/library/utf8/1.2.3/ef65d48dc09de41c544cfcf8807c1686/utf8	available
4.2.2	utils	4.2.2	2023-04-17T16:14:44Z	0e3cc28057000a255f537c40ba53563f	D:/My OSU Academics/Summer2023/DataScience/Week1/Cache/r_4_2_cache/library/utils/4.2.2/0e3cc28057000a255f537c40ba53563f/utils	base
4.2.2	uuid	1.1.0	2023-04-17T16:14:44Z	3607a46e90dabd8a0bd70707249df435	D:/My OSU Academics/Summer2023/DataScience/Week1/Cache/r_4_2_cache/library/uuid/1.1-0/3607a46e90dabd8a0bd70707249df435/uuid	available
4.2.2	vctrs	0.5.2	2023-04-17T16:14:45Z	c97a21f524d45772f3831f9e5c73a0a0	D:/My OSU Academics/Summer2023/DataScience/Week1/Cache/r_4_2_cache/library/vctrs/0.5.2/c97a21f524d45772f3831f9e5c73a0a0/vctrs	available
4.2.2	viridisLite	0.4.1	2023-04-17T16:14:45Z	b780c47c25ef95b7a8be2e4eb2e9a703	D:/My OSU Academics/Summer2023/DataScience/Week1/Cache/r_4_2_cache/library/viridisLite/0.4.1/b780c47c25ef95b7a8be2e4eb2e9a703/viridisLite	available
4.2.2	vroom	1.6.1	2023-04-17T16:14:46Z	feac24732ce60c2d3af23ab35227cc4d	D:/My OSU Academics/Summer2023/DataScience/Week1/Cache/r_4_2_cache/library/vroom/1.6.1/feac24732ce60c2d3af23ab35227cc4d/vroom	available
4.2.2	waldo	0.4.0	2023-04-17T16:14:47Z	dea87f8cf42e03f561fcd71d55a35a96	D:/My OSU Academics/Summer2023/DataScience/Week1/Cache/r_4_2_cache/library/waldo/0.4.0/dea87f8cf42e03f561fcd71d55a35a96/waldo	available
4.2.2	whisker	0.4.1	2023-04-17T16:14:48Z	cf3617c6df6f8ef7765b05bb34a89347	D:/My OSU Academics/Summer2023/DataScience/Week1/Cache/r_4_2_cache/library/whisker/0.4.1/cf3617c6df6f8ef7765b05bb34a89347/whisker	available
4.2.2	withr	2.5.0	2023-04-17T16:14:48Z	4a350eece664ce2e699a1cf19db0b1c6	D:/My OSU Academics/Summer2023/DataScience/Week1/Cache/r_4_2_cache/library/withr/2.5.0/4a350eece664ce2e699a1cf19db0b1c6/withr	available
4.2.2	xfun	0.37	2023-04-17T16:14:49Z	5a7665e82d6460a9916ebc9aa5db38da	D:/My OSU Academics/Summer2023/DataScience/Week1/Cache/r_4_2_cache/library/xfun/0.37/5a7665e82d6460a9916ebc9aa5db38da/xfun	available
4.2.2	xml2	1.3.3	2023-04-17T16:14:49Z	b07d24ce5c3cec21650c9a1062227c19	D:/My OSU Academics/Summer2023/DataScience/Week1/Cache/r_4_2_cache/library/xml2/1.3.3/b07d24ce5c3cec21650c9a1062227c19/xml2	available
4.2.2	xopen	1.0.0	2023-04-17T16:14:49Z	3c7829fee988ad883e1cc5cc6ba81de2	D:/My OSU Academics/Summer2023/DataScience/Week1/Cache/r_4_2_cache/library/xopen/1.0.0/3c7829fee988ad883e1cc5cc6ba81de2/xopen	available
4.2.2	xtable	1.8.4	2023-04-17T16:14:50Z	50522aa674c4416bd78b1f7f85c84fb5	D:/My OSU Academics/Summer2023/DataScience/Week1/Cache/r_4_2_cache/library/xtable/1.8-4/50522aa674c4416bd78b1f7f85c84fb5/xtable	available
4.2.2	yaml	2.3.7	2023-04-17T16:14:50Z	95db3d72efd176558f7954917805a608	D:/My OSU Academics/Summer2023/DataScience/Week1/Cache/r_4_2_cache/library/yaml/2.3.7/95db3d72efd176558f7954917805a608/yaml	available
4.2.2	zeallot	0.1.0	2023-04-17T16:14:51Z	619d4d442d3b8499c7bb66de8c6d08c7	D:/My OSU Academics/Summer2023/DataScience/Week1/Cache/r_4_2_cache/library/zeallot/0.1.0/619d4d442d3b8499c7bb66de8c6d08c7/zeallot	available
4.2.2	zip	2.2.2	2023-04-17T16:14:51Z	669ad8e4f63e9778da53e8bf35fb2fe2	D:/My OSU Academics/Summer2023/DataScience/Week1/Cache/r_4_2_cache/library/zip/2.2.2/669ad8e4f63e9778da53e8bf35fb2fe2/zip	available
4.2.2	zoo	1.8.11	2023-04-17T16:14:52Z	3294409d99c06f5e9b64845ab38cdf86	D:/My OSU Academics/Summer2023/DataScience/Week1/Cache/r_4_2_cache/library/zoo/1.8-11/3294409d99c06f5e9b64845ab38cdf86/zoo	available
